/*
 * Create Grocery Assistant Database
 *
 * Postgres CLI: \ir support/userdata.sql
 */

TRUNCATE TABLE Product;
INSERT INTO Product (ProductId, UserId, Name) VALUES
  (2, 0, 'Beans Green French'),
  (3, 0, 'Beans Green Cut'),
  (4, 0, 'Beans Black'),
  (5, 0, 'Beans Red'),
  (6, 0, 'Beans Chile'),
  (7, 0, 'Beans Kidney'),
  (8, 0, 'Peas'),
  (9, 0, 'Corn'),
  (10, 0, 'Broccoli Whole'),
  (11, 0, 'Broccoli Cuts'),
  (12, 0, 'Broccoli Florets'),
  (13, 0, 'Brussel Sprouts'),
  (14, 0, 'Zucchini'),
  (15, 0, 'Apples Macintosh'),
  (16, 0, 'Apples Granny Smith'),
  (17, 0, 'Bannana'),
  (18, 0, 'Oranges'),
  (19, 0, 'Potato Red'),
  (20, 0, 'Potato Yukon'),
  (21, 0, 'Romaine Lettuce'),
  (22, 0, 'Carrots'),
  (23, 0, 'Carrots Sticks'),
  (24, 0, 'Carrots Strings'),
  (25, 0, 'Spinach'),
  (26, 0, 'Pizza'),
  (27, 0, 'Ice Cream'),
  (28, 0, 'Lasagna'),
  (29, 0, 'Potato Fries'),
  (30, 0, 'Potato Tots'),
  (31, 0, 'Potato Sliced'),
  (32, 0, 'Potato Salad'),
  (33, 0, 'Coleslaw'),
  (34, 0, 'Walnut Pieces'),
  (35, 0, 'Peacan Pieces'),
  (36, 0, 'Peanuts'),
  (37, 0, 'Sunflower Seeds'),
  (38, 0, 'Coffee Regular'),
  (39, 0, 'Coffee Decaf'),
  (40, 0, 'Italian Dressing'),
  (41, 0, 'Ranch Dressing'),
  (42, 0, 'Bread Wheat Sandwich'),
  (43, 0, 'Bread Wheat Breakfast'),
  (44, 0, 'Bread Cinnamin Raison'),
  (45, 0, 'Bread French Toast'),
  (46, 0, 'Chicken Breast'),
  (47, 0, 'Turkey Breast'),
  (48, 0, 'Pork Loin'),
  (49, 0, 'Steak New York'),
  (50, 0, 'Beef Sirloin Tip'),
  (51, 0, 'Ham'),
  (52, 0, 'Lunchmeat Turkey'),
  (53, 0, 'Lunchmeat Beef'),
  (54, 0, 'Lunchmeat Chicken'),
  (55, 0, 'Chips Potato'),
  (56, 0, 'Chips Tortilla'),
  (57, 0, 'Pretzels'),
  (58, 0, 'Salsa'),
  (59, 0, 'Ketchup'),
  (60, 0, 'Mustard'),
  (61, 0, 'Salt'),
  (62, 0, 'Pepper'),
  (63, 0, 'Pepper Seasoned'),
  (64, 0, 'Pepper Lemon'),
  (65, 0, 'Soda Diet'),
  (66, 0, 'Soda Diet Decaf'),
  (67, 0, 'Orange Juice'),
  (68, 0, 'Cottage Cheese'),
  (69, 0, 'Sour Cream'),
  (70, 0, 'Yogurt Greek'),
  (71, 0, 'Yogurt Plain'),
  (72, 0, 'Milk 1%'),
  (73, 0, 'Milk 2%'),
  (74, 0, 'Cheese Slices'),
  (75, 0, 'Cheese Block'),
  (76, 0, 'Eggs'),
  (77, 0, 'Laundry Softener'),
  (78, 0, 'Laundry Detergent'),
  (79, 0, 'Paper Plates Sm'),
  (80, 0, 'Paper Plates Lg'),
  (81, 0, 'Paper Towel'),
  (82, 0, 'Napkins'),
  (83, 0, 'Wraps'),
  (84, 0, 'Raison Bran'),
  (85, 0, 'Bran Flakes'),
  (86, 0, 'Shredded Wheat'),
  (87, 0, 'Oatmeal'),
  (88, 0, 'Chocolate Dark'),
  (89, 0, 'Tomatoes Roma'),
  (90, 0, 'Tomatoes TOV'),
  (91, 0, 'Onions Green'),
  (92, 0, 'Onions Red'),
  (93, 0, 'Blueberries'),
  (94, 0, 'Blackberries'),
  (95, 0, 'Card Birthday'),
  (96, 0, 'Card Anniversary'),
  (97, 0, 'Card Christmas'),
  (98, 0, 'Toilet Cleaner'),
  (99, 0, 'Toilet Paper'),
  (100, 0, 'Dishwasher Detergent'),
  (102, 0, 'Vinegar White'),
  (103, 0, 'Mouthwash'),
  (104, 0, 'Toothpaste'),
  (105, 0, 'Soap Hand'),
  (106, 0, 'Soap Dish'),
  (108, 0, 'Soap Dish Foam'),
  (109, 0, 'Popcorn Microwave'),
  (110, 0, 'Popcorn'),
  (111, 0, 'Bag Snack Plastic'),
  (112, 0, 'Bag Lunch Paper'),
  (113, 0, 'Bag Sandwich Plastic'),
  (114, 0, 'Bag Pint Plastic'),
  (115, 0, 'Bag Quart Plastic'),
  (116, 0, 'Bag Half-Gallon Plastic'),
  (117, 0, 'Bag Gallon Plastic'),
  (118, 0, 'Bag Pint Plastic Zipper'),
  (119, 0, 'Bag Quart Plastic Zipper'),
  (120, 0, 'Bag Half-Gallon Plastic Zipper'),
  (121, 0, 'Bag Gallon Plastic Zipper'),
  (122, 0, 'Aluminum Foil'),
  (123, 0, 'Rice Whole Grain Brown'),
  (124, 0, 'Cabbage'),
  (125, 0, 'Butter');

SELECT setval('product_productid_seq', (SELECT MAX(ProductId) FROM Product));

TRUNCATE TABLE Category;
INSERT INTO Category (CategoryId, UserId, Name) VALUES
  (0, 0, 'None'),
  (2, 0, 'Fruit'),
  (3, 0, 'Dairy'),
  (4, 0, 'Canned Goods'),
  (5, 0, 'Frozen'),
  (6, 0, 'Produce'),
  (7, 0, 'Bakery'),
  (8, 0, 'Deli'),
  (9, 0, 'Condiment'),
  (10, 0, 'Meat'),
  (11, 0, 'Organic'),
  (12, 0, 'Prepared Foods'),
  (13, 0, 'Cereal'),
  (14, 0, 'Breads'),
  (15, 0, 'Paper Products'),
  (16, 0, 'Toppings'),
  (17, 0, 'Snacks'),
  (18, 0, 'Nuts'),
  (19, 0, 'Cleaning'),
  (20, 0, 'Laundry'),
  (21, 0, 'Beverage'),
  (22, 0, 'Juice'),
  (23, 0, 'Health Care'),
  (24, 0, 'Suppliments'),
  (25, 0, 'Pharmacy'),
  (26, 0, 'Adult Beverage'),
  (27, 0, 'Spices'),
  (28, 0, 'Desserts'),
  (29, 0, 'Staples'),
  (30, 0, 'Refrigerated'),
  (31, 0, 'Candy'),
  (32, 0, 'Pasta'),
  (33, 0, 'Rice'),
  (34, 0, 'Beans'),
  (36, 0, 'Vegetable'),
  (37, 0, 'Personal Care'),
  (38, 0, 'Household'),
  (39, 0, 'Pet Suuplies'),
  (40, 0, 'Baking'),
  (41, 0, 'Fish'),
  (42, 0, 'Baby Items'),
  (43, 0, 'Storage'),
  (44, 0, 'Seasonal'),
  (45, 0, 'Crystak Farms'),
  (46, 0, 'Other');

SELECT setval('category_categoryid_seq', (SELECT MAX(CategoryId) FROM Category));

TRUNCATE TABLE Brand;
INSERT INTO Brand (BrandId, UserId, Name) VALUES
  (0, 0, 'None'),
  (2, 0, 'Johnson & Johnson'),
  (3, 0, 'Dole'),
  (4, 0, 'Heinz'),
  (5, 0, 'Cambell'),
  (6, 0, 'Great Value'),
  (7, 0, 'Archer Farms'),
  (8, 0, 'Food Club'),
  (9, 0, 'Tombstone'),
  (10, 0, 'Del Monte'),
  (11, 0, 'Green Giant'),
  (12, 0, 'Libby''s'),
  (13, 0, 'Tyson'),
  (14, 0, 'Hormel'),
  (15, 0, 'Jennie-O'),
  (16, 0, 'Daisy'),
  (17, 0, 'Kemps'),
  (18, 0, 'Land O''Lakes'),
  (19, 0, 'Quaker'),
  (20, 0, 'Hershey''s'),
  (21, 0, 'Reese''s'),
  (22, 0, 'Ritz'),
  (23, 0, 'McCormick'),
  (24, 0, 'Planters'),
  (25, 0, 'Lay''s'),
  (26, 0, 'Dove'),
  (27, 0, 'Ivory'),
  (28, 0, 'Dawn'),
  (29, 0, 'Betty Crocker'),
  (30, 0, 'Smucker''s'),
  (31, 0, 'Jif'),
  (32, 0, 'Orvill Redenbacher''s'),
  (33, 0, 'Kellogg''s'),
  (34, 0, 'Bisquick'),
  (35, 0, 'Sargento'),
  (36, 0, 'Hidden Valley'),
  (37, 0, 'Jimmy Dean'),
  (38, 0, 'Breyers'),
  (39, 0, 'General Mills'),
  (40, 0, 'Nabisco'),
  (41, 0, 'Eggo'),
  (42, 0, 'Progresso'),
  (43, 0, 'Nature Valley'),
  (44, 0, 'Kraft'),
  (45, 0, 'French''s'),
  (46, 0, 'Oscar Mayer'),
  (47, 0, 'Tostitos'),
  (48, 0, 'Nesquik'),
  (49, 0, 'Yoplait'),
  (50, 0, 'Johnsonville'),
  (51, 0, 'Bertolli'),
  (52, 0, 'Prego'),
  (53, 0, 'Chicken of the Sea'),
  (54, 0, 'Velveeta'),
  (55, 0, 'Snyder''s'),
  (56, 0, 'Nestle'),
  (57, 0, 'DiGorno'),
  (58, 0, 'Brew Pub'),
  (59, 0, 'Lawery''s'),
  (60, 0, '5th Season'),
  (61, 0, 'Ragu'),
  (62, 0, 'Knorr'),
  (63, 0, 'Hamburger Helper'),
  (64, 0, 'Chobani'),
  (65, 0, 'Dannon'),
  (66, 0, 'Zatarain''s'),
  (67, 0, 'Boston'),
  (68, 0, 'Kashi'),
  (69, 0, 'Marie Callender''s'),
  (70, 0, 'Land O Frost'),
  (71, 0, 'Nature''s Promise'),
  (72, 0, 'Earthly Grains'),
  (73, 0, 'PepsiCo'),
  (74, 0, 'Coca-Cola'),
  (75, 0, 'Anheuser-Bush'),
  (76, 0, 'Jolly Time'),
  (77, 0, 'Millville'),
  (78, 0, 'Cancy''s'),
  (79, 0, 'Hillshire Farm'),
  (80, 0, 'Buddig'),
  (81, 0, 'Natural Choice'),
  (82, 0, 'Cascade'),
  (83, 0, 'Downy'),
  (84, 0, 'Viva'),
  (85, 0, 'Bounty'),
  (86, 0, 'Bush''s'),
  (87, 0, 'Baggie'),
  (88, 0, 'Reynold''s'),
  (89, 0, 'Brownberry'),
  (90, 0, 'Village Hearth'),
  (91, 0, 'Country Hearth'),
  (92, 0, 'Sara Lee'),
  (93, 0, 'Wonder'),
  (94, 0, 'Hostess'),
  (95, 0, 'Beefsteak'),
  (96, 0, 'Pepperidge Farms'),
  (97, 0, 'Pillsbury'),
  (98, 0, 'Hallmark'),
  (99, 0, 'American Greeting'),
  (100, 0, 'Folger''s'),
  (101, 0, 'Maxwell House'),
  (102, 0, 'McCafe'),
  (103, 0, 'Eggland''s'),
  (104, 0, 'Stouffer''s'),
  (105, 0, 'Healhty Choice'),
  (106, 0, 'Hungry-Man'),
  (107, 0, 'Farm Fresh'),
  (108, 0, 'Friendly Farms'),
  (109, 0, 'Cheer'),
  (110, 0, 'Tide'),
  (111, 0, 'Chi-Chi''s'),
  (112, 0, 'Sam''s'),
  (113, 0, 'Lysole'),
  (114, 0, 'Scrubbing Bubbles'),
  (115, 0, 'Bird''s Eye'),
  (116, 0, 'Famous Daves');

SELECT setval('brand_brandid_seq', (SELECT MAX(BrandId) FROM Brand));

TRUNCATE TABLE grocery_list;
INSERT INTO grocery_list (id, UserId, Name, Filtered, ColorId, SourceListId, StoreId, CategoryId) VALUES
  ( 0, 0, 'None', FALSE, 0, 0, 0, 0),
  ( 1, 1, 'Tom''s Grocery List', FALSE, 0, 0, 0, 0),
  ( 2, 1, 'Jerry''s Grocery List', FALSE, 0, 0, 0, 0),
  ( 3, 1, 'My Aldi List', TRUE, 35, 2, 1, 0);

SELECT setval('grocery_list_id_seq', (SELECT MAX(id) FROM grocery_list));

TRUNCATE TABLE FilterLock;
INSERT INTO FilterLock (FilteredListId, FilterSourceId, UserId) VALUES
  (3, 2, 1);

TRUNCATE TABLE ListItem;
INSERT INTO ListItem (ListItemId, ListId, ProductId, CategoryId, BrandId, UrgencyId, UnitId, UnitCount, ItemCount, Purchased, Hidden) VALUES
  ( 1, 1, 2, 2, 0, 1, NULL, 1.0, 1.0, FALSE, FALSE),
  ( 2, 1, 5, 3, 2, 3, NULL, 1.0, 1.0, FALSE, FALSE),
  ( 3, 1, 6, 3, 2, 3, NULL, 1.0, 1.0, FALSE, FALSE),
  ( 4, 1, 7, 6, 3, 2, NULL, 1.0, 1.0, FALSE, FALSE),
  ( 5, 2, 3, 2, 3, 2, NULL, 1.0, 1.0, FALSE, FALSE),
  ( 6, 2, 8, 6, 4, 1, NULL, 1.0, 1.0, FALSE, FALSE),
  ( 7, 2, 5, 3, 4, 1, NULL, 1.0, 1.0, FALSE, FALSE);
  
SELECT setval('listitem_listitemid_seq', (SELECT MAX(ListItemId) FROM ListItem));

TRUNCATE TABLE Store;
INSERT INTO Store (StoreId, UserId, OrdinalId, Name, Website, Phone) VALUES
  (0, 0, NULL, 'None', '', ''),
  (1, 0, NULL, 'Aldi', 'https://www.aldi.us', '715-235-1111'),
  (2, 0, NULL, 'Walmart', 'https://www.walmart.com/', '715-235-2222'),
  (3, 0, NULL, 'MarketPlace', 'https://www.marketplacefoodswi.com', '715-235-3333'),
  (4, 0, NULL, 'Target', 'https://www.target.com', '715-235-4444'),
  (5, 0, NULL, 'Kwik Trip', 'https://www.kwiktrip.com', '715-235-5555');

SELECT setval('store_storeid_seq', (SELECT MAX(StoreId) FROM Store));